<?xml version="1.0" encoding="UTF-8"?>
<project-private xmlns="http://www.netbeans.org/ns/project-private/1">
    <editor-bookmarks xmlns="http://www.netbeans.org/ns/editor-bookmarks/2" lastBookmarkId="0"/>
    <open-files xmlns="http://www.netbeans.org/ns/projectui-open-files/2">
        <group>
            <file>file:/Users/salsa/NetBeansProjects/SmartCafe/src/Model/MenuModel.java</file>
            <file>file:/Users/salsa/NetBeansProjects/SmartCafe/src/Controller/MakananController.java</file>
            <file>file:/Users/salsa/NetBeansProjects/SmartCafe/src/Model/Minuman.java</file>
            <file>file:/Users/salsa/NetBeansProjects/SmartCafe/src/Model/Makanan.java</file>
            <file>file:/Users/salsa/NetBeansProjects/SmartCafe/src/Controller/CheckOutController.java</file>
            <file>file:/Users/salsa/NetBeansProjects/SmartCafe/src/Controller/MinumanController.java</file>
            <file>file:/Users/salsa/NetBeansProjects/SmartCafe/src/Controller/PelangganController.java</file>
            <file>file:/Users/salsa/NetBeansProjects/SmartCafe/src/Model/Connections.java</file>
            <file>file:/Users/salsa/NetBeansProjects/SmartCafe/src/Controller/PesananController.java</file>
            <file>file:/Users/salsa/NetBeansProjects/SmartCafe/src/View/CheckOutMenu.java</file>
            <file>file:/Users/salsa/NetBeansProjects/SmartCafe/src/Model/Pelanggan.java</file>
            <file>file:/Users/salsa/NetBeansProjects/SmartCafe/src/Model/Pesanan.java</file>
            <file>file:/Users/salsa/NetBeansProjects/SmartCafe/src/View/MenuView.java</file>
            <file>file:/Users/salsa/NetBeansProjects/SmartCafe/src/Controller/MenuController.java</file>
            <file>file:/Users/salsa/NetBeansProjects/SmartCafe/src/View/driver.java</file>
            <file>file:/Users/salsa/NetBeansProjects/SmartCafe/src/Model/Inputable.java</file>
        </group>
    </open-files>
</project-private>
